,mu1,mu2,mu3,mu4,mu5,mu6,mu7,mu8,mu9,mu10,v1,v2,v3,v4,v5,v6,v7,v8,v9,v10
row1,0.13,0.07,0.18,0.06,0.12,0.11,0.04,0.14,0.05,0.1,0.11,0.19,0.13,0.11,0.12,0.1,0.09,0.06,0.05,0.04
row2,0.14,0.06,0.12,0.07,0.13,0.1,0.05,0.15,0.06,0.12,0.12,0.14,0.14,0.2,0.13,0.01,0.08,0.07,0.06,0.05
row3,0.12,0.08,0.16,0.05,0.14,0.11,0.06,0.13,0.01,0.14,0.13,0.12,0.15,0.12,0.14,0.1,0.09,0.08,0.03,0.04
row4,0.15,0.07,0.15,0.06,0.12,0.13,0.05,0.14,0.03,0.1,0.1,0.13,0.16,0.16,0.11,0.1,0.09,0.06,0.05,0.04
row5,0.13,0.09,0.14,0.07,0.15,0.12,0.04,0.13,0.06,0.07,0.11,0.19,0.17,0.13,0.04,0.1,0.08,0.07,0.06,0.05
row6,0.14,0.08,0.13,0.09,0.16,0.1,0.05,0.06,0.07,0.12,0.12,0.11,0.13,0.16,0.13,0.11,0.09,0.02,0.07,0.06
mean,0.134659154,0.074380935,0.145363732,0.065556916,0.135864977,0.111169332,0.047847973,0.119967667,0.039468319,0.105908649,0.114599275,0.143337146,0.145919215,0.143647435,0.103778672,0.069220083,0.086534974,0.055178484,0.051611162,0.046101162
